[
  {
    "id": "aab3fe43-72e8-4c43-8da4-894179942de2",
    "data": [
      {
        "text": "I need to buy  policy",
        "userDefined": false
      }
    ],
    "isTemplate": false,
    "count": 0,
    "updated": 0
  },
  {
    "id": "a6bd4c5c-e238-47e9-9de6-862847a4babb",
    "data": [
      {
        "text": "I need to buy  a policy",
        "userDefined": false
      }
    ],
    "isTemplate": false,
    "count": 0,
    "updated": 0
  },
  {
    "id": "3136d946-4382-452f-a8ff-a4027253bf56",
    "data": [
      {
        "text": "I want a new Insurance",
        "userDefined": false
      }
    ],
    "isTemplate": false,
    "count": 0,
    "updated": 0
  },
  {
    "id": "238d37c7-005e-4b4c-ae1e-f5ba43b287de",
    "data": [
      {
        "text": "I want to buy new policy",
        "userDefined": false
      }
    ],
    "isTemplate": false,
    "count": 0,
    "updated": 0
  },
  {
    "id": "1eb6c8d7-d0a2-4bd5-b5f0-717721476a66",
    "data": [
      {
        "text": "I want to buy Insurance",
        "userDefined": false
      }
    ],
    "isTemplate": false,
    "count": 0,
    "updated": 0
  },
  {
    "id": "81df128b-c8bb-4af5-ad22-efe9dea1d4e7",
    "data": [
      {
        "text": "create a policy",
        "userDefined": false
      }
    ],
    "isTemplate": false,
    "count": 0,
    "updated": 0
  },
  {
    "id": "ed48d514-6780-4fd6-96b4-5eb476cedb88",
    "data": [
      {
        "text": "buy a new policy",
        "userDefined": false
      }
    ],
    "isTemplate": false,
    "count": 0,
    "updated": 0
  },
  {
    "id": "f93aadc1-8684-4905-87b0-6f6aea9aabfe",
    "data": [
      {
        "text": "buy a policy",
        "userDefined": false
      }
    ],
    "isTemplate": false,
    "count": 0,
    "updated": 0
  },
  {
    "id": "e71e7137-992e-45bb-87a2-54933bc36256",
    "data": [
      {
        "text": "I want to buy a policy",
        "userDefined": false
      }
    ],
    "isTemplate": false,
    "count": 0,
    "updated": 0
  },
  {
    "id": "862b1ac9-a37e-4e8b-8467-574b96959b20",
    "data": [
      {
        "text": "I want to show your insurance products",
        "userDefined": false
      }
    ],
    "isTemplate": false,
    "count": 0,
    "updated": 0
  },
  {
    "id": "64599acb-39d3-4a8c-8203-e789812380fd",
    "data": [
      {
        "text": "what insurance products do you offer",
        "userDefined": false
      }
    ],
    "isTemplate": false,
    "count": 0,
    "updated": 0
  },
  {
    "id": "14b89ef0-200e-46f8-9d50-5fbe1e7a11f9",
    "data": [
      {
        "text": "all Insurance products",
        "userDefined": false
      }
    ],
    "isTemplate": false,
    "count": 0,
    "updated": 0
  },
  {
    "id": "65a0811f-8ae3-4b67-807d-e3503b492080",
    "data": [
      {
        "text": "insurance products",
        "userDefined": false
      }
    ],
    "isTemplate": false,
    "count": 0,
    "updated": 0
  },
  {
    "id": "4929f3e2-ccf8-4e2c-81e8-da9ec563c44a",
    "data": [
      {
        "text": "show me your insurance products",
        "userDefined": false
      }
    ],
    "isTemplate": false,
    "count": 0,
    "updated": 0
  },
  {
    "id": "287eb668-c4d7-4f04-913d-7b2055a07191",
    "data": [
      {
        "text": "quickquote",
        "userDefined": false
      }
    ],
    "isTemplate": false,
    "count": 0,
    "updated": 0
  },
  {
    "id": "93e3acf6-b22c-4fee-a1bf-bbc05b310d32",
    "data": [
      {
        "text": "show me all products",
        "userDefined": false
      }
    ],
    "isTemplate": false,
    "count": 0,
    "updated": 0
  },
  {
    "id": "adf5d620-08cf-40f4-8d25-15860086bae3",
    "data": [
      {
        "text": "need a quick quote",
        "userDefined": false
      }
    ],
    "isTemplate": false,
    "count": 0,
    "updated": 0
  },
  {
    "id": "7cef65d0-d081-4e82-9091-d2dbe214fc1d",
    "data": [
      {
        "text": "give me a quick quote",
        "userDefined": false
      }
    ],
    "isTemplate": false,
    "count": 0,
    "updated": 0
  },
  {
    "id": "cb3e87aa-ce97-44e3-af82-db49fd5dc2da",
    "data": [
      {
        "text": "I want a quote",
        "userDefined": false
      }
    ],
    "isTemplate": false,
    "count": 1,
    "updated": 0
  },
  {
    "id": "b4c379a8-94c9-4995-bb8c-2a4b414135bb",
    "data": [
      {
        "text": "I want to know about your products",
        "userDefined": false
      }
    ],
    "isTemplate": false,
    "count": 0,
    "updated": 0
  }
]