[
  {
    "id": "8473ffbf-5a45-40f3-992d-eb97f05da4db",
    "data": [
      {
        "text": "find car insurance products",
        "userDefined": false
      }
    ],
    "isTemplate": false,
    "count": 0,
    "updated": 0
  },
  {
    "id": "cecad8ec-c599-43cf-918b-f5c10f26ab5b",
    "data": [
      {
        "text": "what are the car Insurance products",
        "userDefined": false
      }
    ],
    "isTemplate": false,
    "count": 0,
    "updated": 0
  },
  {
    "id": "e77db22a-43cf-4a7b-87d7-8ceb2f10c21e",
    "data": [
      {
        "text": "I need a car insurance",
        "userDefined": false
      }
    ],
    "isTemplate": false,
    "count": 0,
    "updated": 0
  },
  {
    "id": "6f9f9bec-72d9-4e8d-9885-9c363b3fb2fd",
    "data": [
      {
        "text": "show me car insurance products",
        "userDefined": false
      }
    ],
    "isTemplate": false,
    "count": 0,
    "updated": 0
  },
  {
    "id": "0adddfb6-c5ef-413e-b5a4-e0d446dd3dd4",
    "data": [
      {
        "text": "please show me auto insurance products",
        "userDefined": false
      }
    ],
    "isTemplate": false,
    "count": 0,
    "updated": 0
  },
  {
    "id": "84d7c38f-2e8b-4434-8e24-a0643c81d4b0",
    "data": [
      {
        "text": "what are the automobile insurance products you have",
        "userDefined": false
      }
    ],
    "isTemplate": false,
    "count": 0,
    "updated": 0
  },
  {
    "id": "e49d8416-57bb-46eb-be7e-b3b00b42d0da",
    "data": [
      {
        "text": "auto products",
        "userDefined": false
      }
    ],
    "isTemplate": false,
    "count": 0,
    "updated": 0
  },
  {
    "id": "e2209ab1-4887-499b-ba5f-6e20e1ed60ce",
    "data": [
      {
        "text": "I am looking for automobile Insurance",
        "userDefined": false
      }
    ],
    "isTemplate": false,
    "count": 0,
    "updated": 0
  },
  {
    "id": "e5bd1043-33c9-4393-979d-87d32ebdae1b",
    "data": [
      {
        "text": "I want to know about auto products",
        "userDefined": false
      }
    ],
    "isTemplate": false,
    "count": 0,
    "updated": 0
  }
]