[
  {
    "id": "cdf0176b-2147-49b3-96a9-4d38a13739ab",
    "data": [
      {
        "text": "I faced problem",
        "userDefined": false
      }
    ],
    "isTemplate": false,
    "count": 0,
    "updated": 0
  },
  {
    "id": "b35af629-2ad9-4ced-ade7-d4f2eeaea6e9",
    "data": [
      {
        "text": "I have a bad experience. I need to complain",
        "userDefined": false
      }
    ],
    "isTemplate": false,
    "count": 0,
    "updated": 0
  },
  {
    "id": "7b5a34cc-2d79-4bf9-84e3-eac5852ecb34",
    "data": [
      {
        "text": "I want to complain",
        "userDefined": false
      }
    ],
    "isTemplate": false,
    "count": 0,
    "updated": 0
  },
  {
    "id": "cd391c13-904c-446c-bd76-e403f94116bb",
    "data": [
      {
        "text": "please file a complain",
        "userDefined": false
      }
    ],
    "isTemplate": false,
    "count": 0,
    "updated": 0
  },
  {
    "id": "a40d53de-1f73-4654-9013-11461a41800b",
    "data": [
      {
        "text": "I faced inconvenience",
        "userDefined": false
      }
    ],
    "isTemplate": false,
    "count": 0,
    "updated": 0
  },
  {
    "id": "cd85956a-ebaf-4615-ac13-79c257a938f4",
    "data": [
      {
        "text": "I have a problem",
        "userDefined": false
      }
    ],
    "isTemplate": false,
    "count": 0,
    "updated": 0
  },
  {
    "id": "d4d274ea-a242-4fda-9292-8153c0bb3efe",
    "data": [
      {
        "text": "File a complain for me",
        "userDefined": false
      }
    ],
    "isTemplate": false,
    "count": 0,
    "updated": 0
  },
  {
    "id": "4b0166c7-6516-4ee4-b2b6-cf1ec546419d",
    "data": [
      {
        "text": "I want to file a complain",
        "userDefined": false
      }
    ],
    "isTemplate": false,
    "count": 0,
    "updated": 0
  },
  {
    "id": "51a38bfc-8e53-43af-a96f-28c37463b1d1",
    "data": [
      {
        "text": "I have a complain",
        "userDefined": false
      }
    ],
    "isTemplate": false,
    "count": 0,
    "updated": 0
  },
  {
    "id": "19ad4ac8-f8ab-4613-a3e0-e0bd033f9d14",
    "data": [
      {
        "text": "complain",
        "userDefined": false
      }
    ],
    "isTemplate": false,
    "count": 0,
    "updated": 0
  }
]