[
  {
    "id": "0ca2b17a-4331-4f53-9fe8-ed9b331aca45",
    "data": [
      {
        "text": "can you please call me",
        "userDefined": false
      }
    ],
    "isTemplate": false,
    "count": 0,
    "updated": 0
  },
  {
    "id": "3962cb0a-b1b2-4c9e-b898-8d72941cd9a5",
    "data": [
      {
        "text": "set up a callback",
        "userDefined": false
      }
    ],
    "isTemplate": false,
    "count": 0,
    "updated": 0
  },
  {
    "id": "7168a04c-1196-489a-b91d-7b0be9944454",
    "data": [
      {
        "text": "please set up a meeting",
        "userDefined": false
      }
    ],
    "isTemplate": false,
    "count": 0,
    "updated": 0
  },
  {
    "id": "46b565f2-f586-4acc-bf8c-5681d1b290e0",
    "data": [
      {
        "text": "call me back\u0027",
        "userDefined": false
      }
    ],
    "isTemplate": false,
    "count": 0,
    "updated": 0
  },
  {
    "id": "52291b2b-0537-4726-9721-ca61e5e9a15d",
    "data": [
      {
        "text": "I want to request a callback",
        "userDefined": false
      }
    ],
    "isTemplate": false,
    "count": 0,
    "updated": 0
  }
]