[
  {
    "id": "9e9e6f74-32e7-4b5a-9100-0253fedfb6c9",
    "data": [
      {
        "text": "exit",
        "userDefined": false
      }
    ],
    "isTemplate": false,
    "count": 0,
    "updated": 0
  },
  {
    "id": "f7a504e5-24b1-4ecd-a545-4c2fa978e09e",
    "data": [
      {
        "text": "quit chat",
        "userDefined": false
      }
    ],
    "isTemplate": false,
    "count": 0,
    "updated": 0
  },
  {
    "id": "b85129ab-5d6f-4e4b-8545-52e5d939c24e",
    "data": [
      {
        "text": "end",
        "userDefined": false
      }
    ],
    "isTemplate": false,
    "count": 0,
    "updated": 0
  },
  {
    "id": "91722cf9-6351-45b0-919f-310e537b572a",
    "data": [
      {
        "text": "abort",
        "userDefined": false
      }
    ],
    "isTemplate": false,
    "count": 0,
    "updated": 0
  },
  {
    "id": "e5e660e3-1afb-4f54-a3aa-3fa6a62fcd55",
    "data": [
      {
        "text": "thank you.have a good day",
        "userDefined": false
      }
    ],
    "isTemplate": false,
    "count": 0,
    "updated": 0
  },
  {
    "id": "479cc4c7-fd29-462c-b85e-eac12d2716a3",
    "data": [
      {
        "text": "have a good day",
        "userDefined": false
      }
    ],
    "isTemplate": false,
    "count": 0,
    "updated": 0
  },
  {
    "id": "cd250666-1def-432f-b733-57b1d9e34cf3",
    "data": [
      {
        "text": "thank have a good day",
        "userDefined": false
      }
    ],
    "isTemplate": false,
    "count": 0,
    "updated": 0
  },
  {
    "id": "799e7ce5-4950-420c-a026-7840b8a6cd4d",
    "data": [
      {
        "text": "I am done",
        "userDefined": false
      }
    ],
    "isTemplate": false,
    "count": 0,
    "updated": 0
  },
  {
    "id": "8b3d6a4f-d898-4b76-9548-8d7e02ad0ca5",
    "data": [
      {
        "text": "good bye",
        "userDefined": false
      }
    ],
    "isTemplate": false,
    "count": 0,
    "updated": 0
  },
  {
    "id": "bf136cc6-7128-4e65-9e2a-646fa8e54d7a",
    "data": [
      {
        "text": "thanks a lot",
        "userDefined": false
      }
    ],
    "isTemplate": false,
    "count": 0,
    "updated": 0
  },
  {
    "id": "581ce16d-a1ff-425a-a6f4-0e596663fa0f",
    "data": [
      {
        "text": "thanks",
        "userDefined": false
      }
    ],
    "isTemplate": false,
    "count": 0,
    "updated": 0
  },
  {
    "id": "0a419c36-d374-4527-a17a-d987284424a3",
    "data": [
      {
        "text": "thank you for your help",
        "userDefined": false
      }
    ],
    "isTemplate": false,
    "count": 0,
    "updated": 0
  }
]