[
  {
    "id": "885492af-0355-4be9-b860-f44b20fa744a",
    "data": [
      {
        "text": "I have an issue with my policy",
        "userDefined": false
      }
    ],
    "isTemplate": false,
    "count": 0,
    "updated": 0
  },
  {
    "id": "2c3217fd-f837-4006-b961-b7974e896975",
    "data": [
      {
        "text": "It is ",
        "userDefined": false
      },
      {
        "text": "WC1234",
        "meta": "@sys.ignore",
        "userDefined": true
      }
    ],
    "isTemplate": false,
    "count": 0,
    "updated": 0
  },
  {
    "id": "da7245a7-51fc-4b18-8f26-539be9250661",
    "data": [
      {
        "text": "Get my policy",
        "userDefined": false
      }
    ],
    "isTemplate": false,
    "count": 0,
    "updated": 0
  },
  {
    "id": "299d56f6-21ca-4887-8642-4a279369a36e",
    "data": [
      {
        "text": "I am an existing customer",
        "userDefined": false
      }
    ],
    "isTemplate": false,
    "count": 0,
    "updated": 0
  },
  {
    "id": "d803af3b-163a-4e8f-8351-d74a0614b7d2",
    "data": [
      {
        "text": "get my policy information",
        "userDefined": false
      }
    ],
    "isTemplate": false,
    "count": 0,
    "updated": 0
  },
  {
    "id": "bb6665c1-2f25-4e3e-98bf-e6a73ad0a940",
    "data": [
      {
        "text": "I need to get my policy information",
        "userDefined": false
      }
    ],
    "isTemplate": false,
    "count": 0,
    "updated": 0
  },
  {
    "id": "f2ef3d77-48d0-4873-8b59-313bf6515bd2",
    "data": [
      {
        "text": "I need help with my policy",
        "userDefined": false
      }
    ],
    "isTemplate": false,
    "count": 0,
    "updated": 0
  }
]