[
  {
    "id": "cfae7b15-574d-401e-aaea-8b20fe740647",
    "data": [
      {
        "text": "how to renew policy",
        "userDefined": false
      }
    ],
    "isTemplate": false,
    "count": 0,
    "updated": 0
  },
  {
    "id": "8de90506-07fc-47df-87bd-fe3714d5a409",
    "data": [
      {
        "text": "how can I renew?",
        "userDefined": false
      }
    ],
    "isTemplate": false,
    "count": 0,
    "updated": 0
  },
  {
    "id": "a0f9970d-69a9-4f05-909b-0f5083ed703f",
    "data": [
      {
        "text": "how can I renew my policy?",
        "userDefined": false
      }
    ],
    "isTemplate": false,
    "count": 0,
    "updated": 0
  },
  {
    "id": "e8cf19cf-482a-4074-8a54-8da6b0b2502c",
    "data": [
      {
        "text": "why I renew my policy",
        "userDefined": false
      }
    ],
    "isTemplate": false,
    "count": 0,
    "updated": 0
  },
  {
    "id": "216511ff-3b70-48e3-89ee-e8eb8ac2b09b",
    "data": [
      {
        "text": "I need to renew my policy",
        "userDefined": false
      }
    ],
    "isTemplate": false,
    "count": 0,
    "updated": 0
  },
  {
    "id": "c82e8ac6-b438-48f4-b8bd-e1c5db0da911",
    "data": [
      {
        "text": "help to renew my policy",
        "userDefined": false
      }
    ],
    "isTemplate": false,
    "count": 0,
    "updated": 0
  },
  {
    "id": "4b3bc4e0-a0b1-423c-be20-884d0f540146",
    "data": [
      {
        "text": "renew my policy",
        "userDefined": false
      }
    ],
    "isTemplate": false,
    "count": 0,
    "updated": 0
  },
  {
    "id": "9ba6f1ed-4a81-4a13-9610-48f4357fb968",
    "data": [
      {
        "text": "I want to renew my policy",
        "userDefined": false
      }
    ],
    "isTemplate": false,
    "count": 0,
    "updated": 0
  },
  {
    "id": "816004da-8e58-49d3-bb90-64619d4354b9",
    "data": [
      {
        "text": "how can I renew my policy",
        "userDefined": false
      }
    ],
    "isTemplate": false,
    "count": 0,
    "updated": 0
  }
]