[
  {
    "id": "35fab7a7-c374-4dab-8e4d-e47aadfe6fcd",
    "data": [
      {
        "text": "Ok. but an you please call me back",
        "userDefined": false
      }
    ],
    "isTemplate": false,
    "count": 0,
    "updated": 0
  },
  {
    "id": "87959810-5fc9-479a-b016-bb1e3ad3925f",
    "data": [
      {
        "text": "please call me",
        "userDefined": false
      }
    ],
    "isTemplate": false,
    "count": 0,
    "updated": 0
  },
  {
    "id": "98694de0-88d1-4937-9434-1b22629c9e17",
    "data": [
      {
        "text": "request call back",
        "userDefined": false
      }
    ],
    "isTemplate": false,
    "count": 0,
    "updated": 0
  },
  {
    "id": "9bcb27c5-9074-47a6-8a2e-2adc0fba2e17",
    "data": [
      {
        "text": "call me back",
        "userDefined": false
      }
    ],
    "isTemplate": false,
    "count": 0,
    "updated": 0
  },
  {
    "id": "4f61f5f1-d072-4c2d-9722-48a25acd76f1",
    "data": [
      {
        "text": "help me to connect with an agent",
        "userDefined": false
      }
    ],
    "isTemplate": false,
    "count": 0,
    "updated": 0
  },
  {
    "id": "e47cca12-b227-4adf-8cf2-9949bfd10c12",
    "data": [
      {
        "text": "I want an human agent",
        "userDefined": false
      }
    ],
    "isTemplate": false,
    "count": 0,
    "updated": 0
  },
  {
    "id": "3a9201c5-c3e7-4b91-aa26-7ccbc6c046dd",
    "data": [
      {
        "text": "I want human help",
        "userDefined": false
      }
    ],
    "isTemplate": false,
    "count": 0,
    "updated": 0
  },
  {
    "id": "a834d442-0fa4-4f4f-983e-4849c1969672",
    "data": [
      {
        "text": "schedule a meeting",
        "userDefined": false
      }
    ],
    "isTemplate": false,
    "count": 0,
    "updated": 0
  },
  {
    "id": "6310bee5-acad-4bce-be74-0a5e49ad4c87",
    "data": [
      {
        "text": "I want you to schedule a call",
        "userDefined": false
      }
    ],
    "isTemplate": false,
    "count": 0,
    "updated": 0
  },
  {
    "id": "162f8ba4-0d97-4ade-aa24-f515d75da3ef",
    "data": [
      {
        "text": "call me",
        "userDefined": false
      }
    ],
    "isTemplate": false,
    "count": 0,
    "updated": 0
  },
  {
    "id": "846aeaf4-52c6-4551-86c8-d8221f238253",
    "data": [
      {
        "text": "I need a callback",
        "userDefined": false
      }
    ],
    "isTemplate": false,
    "count": 0,
    "updated": 0
  },
  {
    "id": "77138edd-5a0e-4d85-b612-022711db7f06",
    "data": [
      {
        "text": "callback",
        "userDefined": false
      }
    ],
    "isTemplate": false,
    "count": 0,
    "updated": 0
  },
  {
    "id": "84a773eb-1afd-4e88-a8f5-813fa78e9723",
    "data": [
      {
        "text": "can you please call me",
        "userDefined": false
      }
    ],
    "isTemplate": false,
    "count": 0,
    "updated": 0
  }
]