[
  {
    "id": "3fae3130-18de-45bd-a2c5-2b68a1fc9c55",
    "data": [
      {
        "text": "why your insurance company is better than others",
        "userDefined": false
      }
    ],
    "isTemplate": false,
    "count": 0,
    "updated": 0
  },
  {
    "id": "41492b32-4c40-45b7-aab6-1ca7a3079a0e",
    "data": [
      {
        "text": "why I will Insurance from you",
        "userDefined": false
      }
    ],
    "isTemplate": false,
    "count": 0,
    "updated": 0
  },
  {
    "id": "1484f80b-2672-4f47-8f2d-5db4c9da7873",
    "data": [
      {
        "text": "why I will insurance from your company",
        "userDefined": false
      }
    ],
    "isTemplate": false,
    "count": 0,
    "updated": 0
  },
  {
    "id": "a87d91db-0d59-4d3f-8fd7-c1fe0b5012db",
    "data": [
      {
        "text": "why I will buy from demo Insurance",
        "userDefined": false
      }
    ],
    "isTemplate": false,
    "count": 0,
    "updated": 0
  },
  {
    "id": "21af0a97-d30a-4d24-810c-b87497e3e75a",
    "data": [
      {
        "text": "why your company is good",
        "userDefined": false
      }
    ],
    "isTemplate": false,
    "count": 0,
    "updated": 0
  },
  {
    "id": "2405dff6-3241-4cc7-9719-6688aa57b892",
    "data": [
      {
        "text": "why demo insurance is better",
        "userDefined": false
      }
    ],
    "isTemplate": false,
    "count": 0,
    "updated": 0
  },
  {
    "id": "1bb848fe-a0f3-4ec7-8a6d-4a4d00c9af1a",
    "data": [
      {
        "text": "but why you are different",
        "userDefined": false
      }
    ],
    "isTemplate": false,
    "count": 0,
    "updated": 0
  },
  {
    "id": "4e24e836-4a6f-48b5-9c09-16e8488cfadd",
    "data": [
      {
        "text": "why I should buy from you",
        "userDefined": false
      }
    ],
    "isTemplate": false,
    "count": 0,
    "updated": 0
  }
]