[
  {
    "id": "da86331e-35c2-436d-989b-e810d63d0e69",
    "data": [
      {
        "text": "why should I  pay for Insurance",
        "userDefined": false
      }
    ],
    "isTemplate": false,
    "count": 0,
    "updated": 0
  },
  {
    "id": "a2adb4f8-ba00-4eca-9eaf-866e13b63373",
    "data": [
      {
        "text": "why I buy insurance",
        "userDefined": false
      }
    ],
    "isTemplate": false,
    "count": 0,
    "updated": 0
  },
  {
    "id": "63e16f5c-32a2-4b1d-bfcb-5d97e3b75420",
    "data": [
      {
        "text": "How Issurance helps me",
        "userDefined": false
      }
    ],
    "isTemplate": false,
    "count": 0,
    "updated": 0
  },
  {
    "id": "9c4e3850-bfb6-4529-8892-e027964ea89b",
    "data": [
      {
        "text": "Do I need Insurance?",
        "userDefined": false
      }
    ],
    "isTemplate": false,
    "count": 0,
    "updated": 0
  },
  {
    "id": "db4fe4c8-ed55-46d0-a54a-a4e5ceb0318d",
    "data": [
      {
        "text": "Why Insurance is needed",
        "userDefined": false
      }
    ],
    "isTemplate": false,
    "count": 0,
    "updated": 0
  },
  {
    "id": "61c92d0f-a23f-4b70-8928-90ea7e028f82",
    "data": [
      {
        "text": "what is the benefit of Insurance",
        "userDefined": false
      }
    ],
    "isTemplate": false,
    "count": 0,
    "updated": 0
  },
  {
    "id": "3af7335f-2c46-4ada-a6d9-23813faec260",
    "data": [
      {
        "text": "why I do Insurance",
        "userDefined": false
      }
    ],
    "isTemplate": false,
    "count": 0,
    "updated": 0
  },
  {
    "id": "7f25aad9-918f-44f0-9e94-1312189ad1a0",
    "data": [
      {
        "text": "why I need Insurance",
        "userDefined": false
      }
    ],
    "isTemplate": false,
    "count": 0,
    "updated": 0
  }
]